Name,Address,Phone,Emails,Website
Gai Kitchen,"51 Mott St, New York, NY 10013, USA",(646) 861-3798,,https://www.grubhub.com/restaurant/gai-kitchen-51-mott-street-new-york/4611272
King Dumplings,"74 Hester St, New York, NY 10002, USA",(917) 251-1249,support@sushionme.site,https://kingdumplings.site/
Rabbit House Omakase & Sake Bar,"41 Essex St, New York, NY 10002, USA",(646) 448-4022,info@rabbithouse.nyc,http://www.rabbithouse.nyc/
Martha's Country Bakery,"36-21 Ditmars Blvd, Astoria, NY 11105, USA",(718) 545-9737,,http://www.marthascountrybakery.com/
Bonjour Banh Mi & Tea,"2121 TW Alexander Dr Suite 111, Morrisville, NC 27560, USA",(919) 251-8426,,https://www.bonjourbanhmi-tea.com/
ARIARI,"119 1st Ave, New York, NY 10003-2963, USA",(646) 422-7466,info@ariarinyc.com,https://ariarinyc.com/
MoMA PS1,"22-25 Jackson Ave, Queens, NY 11101, USA",(718) 784-2086,,https://www.momaps1.org/
Tortas Neza,"104-58 Roosevelt Ave, Flushing, NY 11368, USA",(347) 666-1517,,https://tortasnezany.com/
Genesis,"162-23 Hillside Ave., Jamaica, NY 11432, USA",(718) 739-8443,,http://www.genesis1restaurant.com/
Purple Dough,"6304 39th Ave, Woodside, NY 11377, USA",(646) 726-2187,,https://purpledough.com/
Thirteen Water,"208 E 7th St, New York, NY 10009, USA",(718) 598-8556,,http://thirteenwater.com/
HOJOKBAN NYC,"128 Madison Ave, New York, NY 10016, USA",(646) 454-0008,hojokban@handhospitality.com,https://www.hojokbannyc.com/
Amor y Amargo,"443 E 6th St, New York, NY 10009, USA",(833) 328-4588,speakup@overthrowhospitality.com,https://www.overthrowhospitality.com/
Malai,"268 Smith St, Brooklyn, NY 11231, USA",(347) 889-5789,,https://www.malai.co/
The Hugh,"157 E 53rd St, New York, NY 10022, USA",,thehugh@bxp.com,http://www.thehughnyc.com/
Sweet Talk Cafe,"2008 Creekside Landing Dr, Apex, NC 27502, USA",(919) 446-6068,sweettalkcafenc@gmail.com sweettalkcafe@gmail.com,https://www.sweettalkcafenc.com/
Yemen Café & Restaurant,"176 Atlantic Ave, Brooklyn, NY 11201, USA",(718) 834-9533,Yemencafe1@gmail.com Yemencafe3@gmail.com YemenCafe2@gmail.com,https://yemencafe.com/yemencafrestaurantatlantic?utm_source=google
Yin Ji Chang Fen 銀記腸粉,"38-12 Prince St, Flushing, NY 11354-4430, USA",(315) 878-6668,,http://yinji-usa.com/
Sanyuu West,"228 W 18th St, New York, NY 10011, USA",(646) 418-2235,hello@sanyuuwest.com,http://sanyuuwest.com/
Flushing Ice Cream Factory,"135-15 40th Rd, Flushing, NY 11354, USA",(718) 886-2575,,http://www.flushingicecreamfactory.com/
Tokyo Ya,"36-06 Ditmars Blvd, Astoria, NY 11105, USA",(718) 777-8889,,https://www.tokyoyaastoria.com/
Pasta Louise Cafe,"803 8th Ave, Brooklyn, NY 11215, USA",(347) 725-3883,,https://www.pastalouise.com/
CHUNKY BOSS,"129 E 45th St, New York, NY 10017, USA",(917) 388-3700,,https://chunkyboss.co/
Strand Book Store,"828 Broadway, New York, NY 10003, USA",(212) 473-1452,,https://www.strandbooks.com/
Go Nonna,"44-64 11th St, Long Island City, NY 11101, USA",(718) 440-9914,gononnalic@gmail.com,http://gononna.com/
Market 57,"25 11th Ave, New York, NY 10011, USA",,pier57events@jamestownlp.com Pier57Leasing@jamestownlp.com,https://pier57nyc.com/market-57
senti senti,"81 Mott St FRNT 2, New York, NY 10013, USA",(718) 496-8163,user@gmail.com,http://www.sentisenti.com/
JG Melon,"1291 3rd Ave, New York, NY 10021, USA",(212) 744-0585,,http://jgmelon-nyc.com/
Kaki,"129 Rivington St, New York, NY 10002-2361, USA",(646) 568-8859,,
Peppercorn Station 青花椒 纽约,"66 W 39th St, New York, NY 10018, USA",(646) 490-5444,peppercornstation@gmail.com,http://www.peppercornstation.com/
Sweet Cake,"137-06 Northern Blvd, Flushing, NY 11354, USA",(929) 329-0666,,https://www.instagram.com/sweetcakenewyork/
Ba Xuyên,"4222 8th Ave, Brooklyn, NY 11232-3904, USA",(718) 633-6601,,https://orderbaxuyen.com/
Xie Bao Flushing 蟹寶,"133-35 Roosevelt Ave, Flushing, NY 11354, USA",(917) 563-1011,,
Karczma,"136 Greenpoint Ave, Brooklyn, NY 11222-2202, USA",(718) 349-1744,info@karczmabrooklyn.com,http://karczmabrooklyn.com/en/
Angel,"7414 37th Rd, Queens, NY 11372, USA",(347) 848-0097,,https://angelindianqueens.com/
Little Bull,"810 N Mangum St, Durham, NC 27701-2260, USA",(919) 251-8989,info@littlebullnc.com,http://littlebullnc.com/
OKONOMI / YUJI Ramen Manhattan,"36 W 26th St, New York, NY 10010, USA",(347) 271-1601,,https://www.okonomi.us/
TONCHIN NEW YORK,"13 W 36th St., New York, NY 10018, USA",(646) 692-9912,info@foodexny.com,https://tonchinus.com/
Bengal Tiger,"234 W 56th St, New York, NY 10019, USA",(212) 265-2703,,http://www.bengaltigerindianfood.com/
Maxi's Noodle,"135-11 38th Ave, Flushing, NY 11354, USA",(917) 908-0808,,http://www.maxisnoodle.com/
Red Hook Tavern,"329 Van Brunt St, Brooklyn, NY 11231, USA",,,http://www.redhooktavern.com/
Double Chicken Please,"115 Allen St, New York, NY 10002-2970, USA",,takochang@doublechickenplease.com info@doublechickenplease.com,http://www.doublechickenplease.com/
Semma,"60 Greenwich Ave, New York, NY 10011-8307, USA",,press@uafoods.nyc hello@semma.nyc,http://semma.nyc/
Duo Cafe,"223 E 5th St, New York, NY 10003-8512, USA",(646) 454-0603,,
Bullock's Bar-B-Cue,"3330 Quebec Dr, Durham, NC 27705-3029, USA",(919) 383-3211,,http://www.bullocks-bbq.com/
Hashi Market,"330 5th Ave, New York, NY 10001, USA",,,http://www.hashimarket.com/
Teazzi Tea Shop,"47 W 14th St #3, New York, NY 10011, USA",(917) 268-1999,nyc@teazzi.com,http://www.teazzi.com/
Daesung korean Noodle,"45-04 162nd St, Flushing, NY 11358, USA",(718) 460-0088,,https://daesungkoreannoodle.site/
Rolo’s,"853 Onderdonk Ave, Ridgewood, NY 11385, USA",,info@rolosnyc.com,http://www.rolosnyc.com/
Brooklyn Ball Factory,"95 Montrose Ave, Brooklyn, NY 11206-2007, USA",(718) 387-5296,,https://www.brooklynballfactory.com/
Rowdy Rooster - East Village,"149 1st Ave, New York, NY 10003-2930, USA",(646) 609-2804,press@uafoods.nyc hello@rowdyrooster.com events@uafoods.nyc,http://www.rowdyrooster.com/
China Palace Restaurant,"5210 Garrett Rd, Durham, NC 27707-3450, USA",(919) 493-3088,,https://chinapalacenc.com/
Dialogue Coffee & Flowers,"188 Allen St, New York, NY 10002, USA",,dialogue@idleflora.com hi@dialogue.nyc,https://dialogue.nyc/
La Nueva Victoria,"2536 Broadway, New York, NY 10025-6946, USA",(212) 865-1810,,
Nōksu,"49 W 32nd St, New York, NY 10001, USA",(626) 657-8420,steven@hallpr.com info@noksunyc.com reservations@noksunyc.com,https://noksunyc.com/?SEO_id=GMB--R-NYCCUQQ-2&y_source=1_MTA0NTQ1Mjg1MS03MTUtbG9jYXRpb24ud2Vic2l0ZQ%3D%3D
1 golden pancake,"13515 40th Rd #4, Flushing, NY 11354-5301, USA",(929) 991-6966,,
Steve's Authentic Key Lime Pie,"185 Van Dyke St, Brooklyn, NY 11231, USA",(718) 858-5333,,https://keylime.com/
Negril BK,"256 5th Ave, Brooklyn, NY 11215, USA",(347) 721-3801,,https://www.negrilbk.com/
Friendship BBQ,"136-76 39th Ave, Flushing, NY 11354, USA",(347) 542-3909,yangsong1201@gmail.com,https://www.friendshipbbq.com/
Spiga Restaurant,"57 W 84th St, New York, NY 10024, USA",(212) 874-0008,spigarestaurantnyc@gmail.com,http://spigarestaurantnyc.com/
King's Sandwich Shop,"701 Foster St, Durham, NC 27701-2110, USA",(919) 682-0071,,https://kingssandwichshop.com/index.html
Lhasa,"177 1st Ave, New York, NY 10003-2927, USA",(917) 388-2230,,
ad hoc : cafe,"13 Christopher St, New York, NY 10014, USA",(646) 504-6864,,http://www.adhoccollective.com/
Corner 28,"135-24 40th Rd, Flushing, NY 11354-5302, USA",(718) 886-6628,,
Soft Swerve - JACX&CO,"24-17 Jackson Ave, Long Island City, NY 11101, USA",(929) 510-7004,info@softswervenyc.com,https://softswervenyc.com/
超力福州美食 No.1 Super Snack Inc. - Fuzhou Snacks,"4128 Main St, Flushing, NY 11355, USA",(646) 546-2353,,
New York City Bagel & Coffee House,"40-05 Broadway, Astoria, NY 11103, USA",(718) 728-9511,micah@micahrich.com,https://nycbch.com/
Handsome Rice,"133 E 31st St, New York, NY 10016, USA",(917) 965-2944,handsomericenyc@gmail.com,http://www.handsomerice.com/
KIMCHI RED - ALPHARETTA,"3630 Old Milton Pkwy #110, Alpharetta, GA 30005, USA",(470) 336-7222,kimchired.alpharetta@gmail.com kimchired.johnscreek@gmail.com,https://kimchiredusa.com/
Tao Hong,"79 Chrystie St, New York, NY 10002, USA",(212) 219-0981,,
Golden Steamer,"143A Mott St, New York, NY 10013, USA",(212) 226-1886,,
CHILI,"13 E 37th St, New York, NY 10016-2821, USA",(646) 882-0666,operation@chilinyc.com,https://www.chilinyc.com/
Yagg Sii Tenn Authentic African Cuisine,"1440 Chapel Ridge Rd ste 170, Apex, NC 27502, USA",(919) 629-4047,yaggsitenn@gmail.com wdesign@wzuser.com,http://www.yaggsitenn.com/
Saigon Shack,"114 MacDougal St, New York, NY 10012-1245, USA",(212) 228-0588,saigonshack114@gmail.com,http://saigonshack.com/
303 In the Cut,"4120 Spring Mountain Rd, Las Vegas, NV 89102, USA",(702) 786-7278,,http://303inthecut.com/
Mystique Boutique NYC,"491 Broadway, New York, NY 10013-4412, USA",(212) 925-8290,,http://www.mystiqueboutiquenyc.com/
Haile,"182 Avenue B #1, New York, NY 10009-3626, USA",(212) 673-8949,,http://hailecuisine.com/
Beacon,"Beacon, NY 12508, USA",,,http://www.cityofbeacon.org/
Dallas BBQ Times Square,"241 W 42nd St, New York, NY 10036-7201, USA",(212) 221-9000,,https://dallasbbq.com/
Bushwick,"Bushwick, Brooklyn, NY, USA",,,
Fay Da Bakery,"321 6th Ave, New York, NY 10014-6926, USA",(212) 255-9888,info@fayda.com ninfo@fayda.com info@stagheaddesigns.com orders@fayda.com,http://www.fayda.com/
Ozakaya,"635 Vanderbilt Ave, Brooklyn, NY 11238-3805, USA",(929) 456-5956,,http://www.ozakaya.com/
Hou Yi Hot Pot,"92 Hester St, New York, NY 10002, USA",(212) 966-3420,,https://houyihotpotnewyork.mybistro.online/
Peaches HotHouse,"415 Tompkins Ave, Brooklyn, NY 11216, USA",(718) 483-9111,,http://www.bcrestaurantgroup.com/hothouse
Falafel Tanami,"1305 E 17th St, Brooklyn, NY 11230, USA",(718) 483-9100,,http://www.falafeltanami.getsauce.com/?utm_source=GMB&utm_medium=Website%20button&utm_id=Falafel%20Tanami
Yummy Noodle House,"33-35 Francis Lewis Blvd, Flushing, NY 11358, USA",(718) 888-7848,yummynoodlehousenyc@gmail.com,https://yummynoodlehousenyc.wixsite.com/home
Fette Sau,"354 Metropolitan Ave, Brooklyn, NY 11211, USA",(718) 963-3404,fettesaubbq@gmail.com,http://www.fettesaubbq.com/
Kopitiam,"151 E Broadway, New York, NY 10002, USA",(646) 609-3785,hello@kopitiamnyc.com email@email.com,https://www.kopitiamnyc.com/
San Matteo Pizza & Espresso Bar,"1716 2nd Ave, New York, NY 10128-3502, USA",(212) 426-6943,,http://sanmatteomenu.com/?utm_source=gbp
Coffee Project New York | Hell's Kitchen,"401 W 53rd St, New York, NY 10019, USA",(917) 388-2268,,http://www.coffeeprojectny.com/
Fu Zhou Wei Zhong Wei Jia Xiang Feng Wei,"88 E Broadway, New York, NY 10002-6017, USA",(212) 431-3555,,
Arepa Lady Astoria,"34-39 31st St, Queens, NY 11106, USA",(347) 396-5300,,https://www.thearepalady.com/
Cauldron Chicken,"190 Bleecker St, New York, NY 10012-1433, USA",(646) 869-8888,,
Sagara food city,"98 Victory Blvd, Staten Island, NY 10301, USA",(718) 285-4556,,
Jua,"36 E 22nd St, New York, NY 10010, USA",(646) 590-1598,,http://www.juanyc.com/
Momosan Ramen & Sake,"342 Lexington Ave, New York, NY 10016, USA",(646) 201-5529,,http://momosanramen.com/
Izakaya Juraku,"121 Ludlow St, New York, NY 10002, USA",(212) 477-0100,hello@izakayajuraku.co hello@izakayajuraku.com,http://www.izakayajuraku.com/
MOGMOG,"5-35 51st Ave, Long Island City, NY 11101, USA",(516) 303-9183,,https://mogmog.store/
All'Antico Vinaio,"225 Sullivan St, New York, NY 10012, USA",(917) 672-2641,info@allanticovinaionyc.com press@allanticovinaiousa.com,https://www.allanticovinaiousa.com/
Luna Rotisserie and Empanadas,"112 W Main St, Durham, NC 27701-3604, USA",(984) 439-8702,infodurham@lunarotisserie.com infocarrboro@lunarotisserie.com,http://www.lunarotisserie.com/
Elsewhere,"599 Johnson Ave #1, Brooklyn, NY 11237-1311, USA",,care@elsewherebrooklyn.com,http://www.elsewherebrooklyn.com/?utm_source=google-my-business&utm_medium=organic
Suki,"208 E 50th St, New York, NY 10022, USA",(917) 613-4567,,http://sukicurry.com/
Bernie’s,"332 Driggs Ave, Brooklyn, NY 11222, USA",(347) 529-6400,info@berniesnyc.com,https://www.berniesnyc.com/
2 Bros Pizza,"557 8th Ave, New York, NY 10018, USA",(646) 916-4541,,https://www.2brospizza.com/
pinkFROG cafe,"221 N 9th St, Brooklyn, NY 11211, USA",(646) 694-0608,,http://pinkfrogcafe.com/
Mr P's Homemade Ice Cream,"1397 Nostrand Ave, Brooklyn, NY 11226, USA",(973) 640-3200,,
Emily,"919 Fulton St, Brooklyn, NY 11238-1735, USA",(347) 844-9588,Hello@EmilyBrooklyn.com,https://www.pizzalovesemily.com/location/brooklyn/
Chalong Southern Thai,"749 9th Ave, New York, NY 10019, USA",(212) 466-6456,CHALONG@CHALONGNYC.COM,http://www.chalongnyc.com/
Appas Pizza,"210 1st Ave, New York, NY 10009, USA",(929) 280-0921,hello@appaspizza.com,https://appaspizza.com/?utm_source=google
LaRina Pastificio & Vino,"387 Myrtle Ave, Brooklyn, NY 11205-2408, USA",(718) 852-0001,larinabrooklyn@gmail.com,http://larinabk.com/
For All Things Good Bed-Stuy,"343 Franklin Ave, Brooklyn, NY 11238, USA",(646) 238-2068,,http://forallthingsgoodbk.com/
Walter's Hot Dogs - Mamaroneck,"937 Palmer Ave, Mamaroneck, NY 10543, USA",(914) 500-5029,info@waltershotdogs.com truck@waltershotdogs.com store@waltershotdogs.com,http://www.waltershotdogs.com/
Plum Southern Kitchen & Bar,"501 Washington St C, Durham, NC 27701-2169, USA",(919) 351-6446,,https://plumdurham.com/
Taiwan Pork Chop House,"3 Doyers St, New York, NY 10013, USA",(212) 791-7007,,https://www.taiwanporkchop.com/
St. Anselm,"355 Metropolitan Ave, Brooklyn, NY 11211, USA",(718) 384-5054,stanselmrestaurant@gmail.com,http://www.stanselm.net/
Kinokuniya New York,"1073 6th Ave, New York, NY 10018, USA",(212) 869-1700,,https://usa.kinokuniya.com/
Trinciti Roti Shop & Restaurant,"111-03 Lefferts Blvd, South Ozone Park, NY 11420, USA",(718) 641-3636,shadow@2x.png,https://trinciti.com/
OKONOMI Brooklyn,"150 Ainslie St, Brooklyn, NY 11211, USA",(929) 295-0480,,https://www.okonomi.us/
cat cafe Mocha Lounge Shibuya Koen-dori Store,"Japan, 〒150-0041 Tokyo, Shibuya, Jinnan, 1-chōme−16−３ Boule Vard, 5F",03-6277-5745,,http://catmocha.jp/shibuyakoendori/
Taiyaki NYC Japanese Ice Cream,"119 Baxter St, New York, NY 10013-3621, USA",(212) 966-2882,info@taiyakinyc.com,http://taiyakinyc.com/
Il Nonno Ristorante,"25-17 Astoria Blvd, Astoria, NY 11102-2939, USA",(347) 808-0087,,
La Mala Mexican Inspired Cocktails,"110 Corcoran St, Durham, NC 27701, USA",(919) 797-0104,Lamalaraleighmanagement@gmail.com,https://lamalamx.com/home/
Sho Nuff Seafood,"1104 Broad St, Durham, NC 27705, USA",(919) 972-9212,shonuff@shonuffseafood.com,http://shonuffseafood.com/
Economy Candy,"108 Rivington St, New York, NY 10002, USA",(212) 254-1531,help@economycandy.com,https://www.economycandy.com/
SALSWEE,"180 5th Ave, New York, NY 10010-5907, USA",,store180@salswee.com info@salswee.com,https://www.salswee.com/
Mala Hot Pot,"35 W 36th St., New York, NY 10018, USA",(646) 582-4049,Kevin@malahotpotnyc.com,https://www.malahotpotnyc.com/
Underground Pizza,"3 Hanover Square #2615, New York, NY 10004, USA",(212) 425-4442,,https://www.undergroundpizzamenu.com/?utm_source=gbp
Robert Is Here Fruit Stand,"19200 SW 344th St, Homestead, FL 33034-2800, USA",(305) 246-1592,Robert_Is_Here_1959_812a16fe-5a7c-4235-80c3-847fc50097c6_200x@2x.png,http://www.robertishere.com/
Housing Works Thrift Shops - West Village,"245 W 10th St, New York, NY 10014, USA",(646) 998-7215,,https://www.housingworks.org/locations/west-village-thrift-shop
Nyonya,"199 Grand St, New York, NY 10013, USA",(212) 334-3669,,https://nyonya.store/
Q noodles,"1026 Ryan Rd, Cary, NC 27511, USA",(919) 468-9958,user@domain.com,https://www.qnoodles.co/
Mtskheta Cafe,"2568 86th St, Brooklyn, NY 11214-4438, USA",(718) 676-1868,,https://www.facebook.com/Mtskheta-Cafe-196702580341113/
Cosme,"35 E 21st St, New York, NY 10010, USA",(315) 512-4131,Presspress@casamata.comEventsprivatedining info@cosmenyc.com,http://www.cosmenyc.com/
Shoo Loong Kan Hotpot Manhattan 小龙坎火锅,"22 E 13th St, New York, NY 10003-4472, USA",(917) 721-2927,info@shooloongkan.us,http://www.shooloongkan.us/
Cucciolo Osteria Durham,"601 W Main St suite c, Durham, NC 27701, USA",(984) 243-8744,,http://www.cucciolodurham.com/
ATOMIX,"104 E 30th St, New York, NY 10016-7392, USA",,info@atomixnyc.com,http://www.atomixnyc.com/
Kaikagetsu NYC,"162 Orchard St, New York, NY 10002, USA",(646) 590-3900,,http://www.kaikagetsunyc.com/
Maiko Matcha Cafe,"133-33 39th Ave, fh21, Flushing, NY 11354, USA",(718) 219-0011,,https://www.matchacafe-maiko.com/eng/
Ubani - Bay Ridge,"8309 3rd Ave, Brooklyn, NY 11209, USA",(718) 333-5363,,https://ubaniny.com/
Boris & Horton,"195 Avenue A, New York, NY 10009, USA",(212) 510-8986,user@domain.com,http://www.borisandhorton.com/
Kemo's Hot Kitchen Bites,"574 Atlantic Ave, Brooklyn, NY 11217, USA",(718) 246-9700,,https://www.kemoshotkitchen.com/
Casa Adela,"66 Loisaida Ave, New York, NY 10009, USA",(212) 473-1882,casa-adela@gmail.com,https://casa-adela.shop/
Everlane,"28 Prince St, New York, NY 10012, USA",(917) 275-7943,,https://everlane.com/
Hungry House - Manhattan,"36 Lexington Ave, New York, NY 10010-3609, USA",(646) 449-8214,,https://orderhungryhouse.com/
Hinatomaru Asakusa main store,"1-chōme-20-10 Asakusa, Taito City, Tokyo 111-0032, Japan",03-5806-4222,,https://tabelog.com/tokyo/A1311/A131102/13075573/table/
CHELI MANHATTAN 浙里,"19 St Marks Pl, New York, NY 10003-7837, USA",(646) 858-1866,cheli.press@gmail.com,http://www.che-li.com/
Mexicocina Mezcaleria,"503 Jackson Ave, Bronx, NY 10455, USA",(347) 498-1055,mexicocinabny@gmail.com,http://mexicocinanyc.com/
Abuqir,"24-19 Steinway St, Astoria, NY 11103, USA",(718) 274-3474,,
Taverna East Village,"228 1st Ave, New York, NY 10009, USA",(212) 432-0011,,https://www.tavernaeastvillage.com/
New world Uyghur Cuisine,"136-20 Roosevelt Ave, Flushing, NY 11354, USA",(646) 920-0889,,https://newworlduyghurcuisine.com/
Sam's Falafel Stand,"100 Cedar St #90, New York, NY 10006, USA",,,
Mama Lee - Williamsburg,"66 Grand St, Brooklyn, NY 11249, USA",(718) 683-9820,mamaleeofficialrestaurant@gmail.com,https://www.mamaleerestaurant.com/
Chef Papa Vietnamese Kitchen,"42-05 162nd St, Flushing, NY 11358-4126, USA",(917) 688-3968,,
Charles Pan-Fried Chicken,"1325 5th Ave, New York, NY 10026, USA",(646) 569-9936,qslobert@charlespanfriedchicken.com,https://www.charlespanfriedchicken.com/
Nenes Taqueria,"660 Degraw St, Brooklyn, NY 11217, USA",(929) 607-4551,,https://nenestaqueria.com/
Morgenstern's BANANAS,"2 Rivington St, New York, NY 10002, USA",(212) 209-7684,,http://www.morgensternsbananas.com/
Voilà Afrique,"Inside Giant Farmers Market, 324 Main St, Hackensack, NJ 07601, USA",(917) 327-3510,voilaafrique@yahoo.com,http://voilaafrique.com/
dùndú,"140 E 41st St, New York, NY 10017-5515, USA",(646) 767-0100,info@eatdundu.com,http://www.eatdundu.com/
Oh! Calcutta,"10-57 Jackson Ave, Long Island City, NY 11101-5718, USA",(718) 532-0017,ohcalcuttanyc@gmail.com,https://ohcalcuttanyc.com/
Kuku Korean Cuisine LIC,"12-09 Jackson Ave, Long Island City, NY 11101-4747, USA",(718) 706-8888,,https://eatkuku.com/
Housing Works Thrift Shops - Chelsea,"143 W 17th St, New York, NY 10011, USA",(718) 838-5050,,https://www.housingworks.org/locations/chelsea-thrift-shop
Taberna Tapas,"325 W Main St, Durham, NC 27701, USA",(919) 797-1457,info@tabernatapas.com,http://tabernatapas.com/
Shanghai You Garden,"135-33 40th Rd, Flushing, NY 11354, USA",(718) 886-2286,,https://www.shanghaiyougardennyc.com/
Durham Food Hall,"530 Foster St Suite 1, Durham, NC 27701, USA",(919) 908-9339,info@durhamfoodhall.com,http://durhamfoodhall.com/
Sushi Sho,"3 E 41st St, New York, NY 10017-6205, USA",(646) 863-2023,,https://www.exploretock.com/sushi-sho-nyc
Seven Scents 七号小串 | Skewers · Beer · Chinese BBQ,"42-17 Crescent St, Long Island City, NY 11101, USA",(917) 397-7779,example@mysite.com,https://www.sevenscentsny.com/
IBN Hamido Seafood,"3129 Ditmars Blvd, Astoria, NY 11105, USA",(718) 535-4700,,http://hamidoseafood.com/
Nami Nori West Village,"33 Carmine St, New York, NY 10014, USA",(646) 998-4588,info@naminori.nyc,http://naminori.nyc/
Ekhaya,"406 Blackwell St Suite 100, Durham, NC 27701, USA",(919) 381-4128,info@zwelis.com,https://zwelisekhaya.com/
Urban Noodle兰州拉面.刀削面.泡菜.肉夹馍.釀皮.炸酱面,"4104 Surles Ct UNIT 4, Durham, NC 27703-8239, USA",(984) 888-0348,,http://www.myurbannoodle.com/
Le Sia,"651 9th Ave, New York, NY 10036, USA",(646) 559-5220,lesiahellskitchen@gmail.com,http://lesianyc.com/
Pig and Khao - LES,"68 Clinton St, New York, NY 10002, USA",(212) 920-4485,info@pigandkhao.com,http://www.pigandkhao.com/
THREE-HOT-POT & BBQ,"18 W 38th St, New York, NY 10018-6230, USA",(646) 692-6666,,https://pos.chowbus.com/online-ordering/store/13868?fbclid=PAAaZv3dcSFvn37VDLQythPBzMImumOMVXp6sJccvfEQ2w2K78xTEkD_b0TLc_aem_th_AV6eEcw_tB1aHa6KzBhYomTzCT123Jc_Wjo9Sk1vY0edZAKTL4WqaHUhgzHOKUYnqvU
Red Rooster Harlem,"310 Lenox Ave, New York, NY 10027, USA",(212) 792-9001,info@redroosterharlem.com dina@redroosterharlem.com,https://www.redroosterharlem.com/
B & B,"165 W 26th St, New York, NY 10001, USA",(646) 429-8174,,
Dim Sum Palace,"27 Division St, New York, NY 10002, USA",(212) 587-4277,,http://www.dimsumpalace.com/
Rio Bonito Grill,"33-01 36th Ave, Astoria, NY 11106, USA",(845) 314-2845,,
Win Son Bakery,"164 Graham Ave, Brooklyn, NY 11206, USA",(917) 909-1725,,http://winsonbrooklyn.com/
Akino,"82-80 Broadway, Elmhurst, NY 11373, USA",(718) 779-8280,,https://www.akinonewyork.com/
Xiang Hotpot-Brooklyn,"5816 Fort Hamilton Pkwy, Brooklyn, NY 11219, USA",(718) 851-5888,,https://xianghotpotbrooklyn.shop/
Laghman Express,"2376 Coney Island Ave, Brooklyn, NY 11223-5002, USA",(718) 233-8333,laghmanexpress@gmail.com,http://laghmanexpress.com/
Adel's Famous Halal Food,"1221 6th Ave, New York, NY 10020, USA",(866) 492-3357,adelsfamoushalalfood@gmail.com,http://adelsfamousnyc.com/
Corima,"3 Allen St, New York, NY 10002, USA",(646) 964-4836,info@corimanyc.com,http://www.corimanyc.com/
Pho & Poke House,"2816 Erwin Rd #207, Durham, NC 27705, USA",(919) 382-0805,,http://www.phopokehouse.com/
Hi Sunny Restaurant Salad&Dimsum 花园轻食,"342 7th Ave, New York, NY 10001, USA",(212) 660-9666,,https://www.hisunnyrestaurantny.com/
Kyma,"15 W 18th St, New York, NY 10011, USA",(212) 268-5555,,https://kymarestaurants.com/
Eight Jane,"37-12 Main St, Flushing, NY 11354, USA",(917) 609-5898,,
Blue Corn Cafe,"716 9th St, Durham, NC 27705-4803, USA",(919) 286-9600,,http://www.bluecorncafedurham.com/
Momo Crave,"38-07 69th St, Woodside, NY 11377, USA",(718) 255-1714,momocrave@gmail.com whoisanup@gmail.com,https://momocrave.com/
Liuyishou Hot Pot,"136-76 39th Ave, Flushing, NY 11354, USA",(347) 732-0201,,https://www.liuyishouna.com/flushing
Bigoi Venezia,"1415 2nd Ave, New York, NY 10021-3773, USA",(917) 262-0680,contact@bigoivenezia.com,http://www.bigoivenezia.com/
Ootoya Times Square,"141 W 41st St, New York, NY 10036, USA",(212) 704-0833,,http://ootoya.us/
Sushi 35 West,"232W W 35th St, New York, NY 10001, USA",(646) 882-6666,,http://www.sushi35west.com/
Caravan Chicken,"35-01 Broadway, Astoria, NY 11106, USA",(718) 545-3980,,
Döner Haus,"240 E 14th St, New York, NY 10003, USA",(914) 275-0840,,https://www.doner.haus/
Barkada Social Club,"3305 Broadway, Astoria, NY 11106, USA",(718) 255-6222,support@spoton.com contact@barkadasocialclub.com,https://barkadasocialclub.com/
Sao Mai,"203 1st Ave, New York, NY 10003, USA",(212) 358-8880,,http://saomainyc.com/
Lucia Pizza,"136-55B, 136 - 55 Roosevelt Ave, Flushing, NY 11354-5509, USA",(718) 445-1313,myluciapizza@aol.com,https://www.luciapizzany.com/
Lao Bei Fang Dumpling House,"83-05 Broadway, Elmhurst, NY 11373, USA",(718) 639-3996,,https://northerndumplinghouse.shop/
The Trestle,"34-02 Broadway, Astoria, NY 11106, USA",(347) 808-0290,info@trestleastoria.com,http://trestleastoria.com/
ANDO patisserie,"214 E 10th St, New York, NY 10003, USA",(917) 262-0311,,https://www.andopatisserie-official.com/
S-Meat & Hueso,"35-50 31st St, Astoria, NY 11106-2321, USA",(718) 304-0046,,
Lena's Italian Kitchen (UES),"1167 2nd Ave, New York, NY 10065-8242, USA",(212) 725-5362,,https://www.lenasitaliankitchen.com/
Fat Cat Flatbread,"Foot Court #6, 133-35, Roosevelt Ave, Flushing, NY 11354-5254, USA",(929) 758-8666,,
Gulp,"42-45 27th St, Long Island City, NY 11101, USA",(929) 789-8644,,https://www.gulpjiabun.com/
Bund Dumpling House,"25-08 Broadway, Astoria, NY 11106, USA",(718) 971-5465,,https://order.toasttab.com/online/bunddumplinghouse
Kalye Rivington,"111 Rivington St, New York, NY 10002, USA",(646) 287-9153,info@kalyenyc.com,https://kalye.com/
Zhego NYC,"38-4 61st St, Woodside, NY 11377-5830, USA",(347) 642-3166,,https://www.instagram.com/zhego_nyc_/
Wo Hop,"17 Mott St, New York, NY 10013-5002, USA",(212) 962-8617,,http://wohop17.com/
Little Branch,"20 7th Ave S, New York, NY 10014, USA",(212) 929-4360,,
Industry City,"220 36th St, Brooklyn, NY 11232, USA",(718) 865-3740,,https://industrycity.com/
El Castillo De Jagua,"113 Rivington St, New York, NY 10002, USA",(212) 982-6412,,https://www.castillodejagua2.com/
Mitr Thai Restaurant,"37 W 46th St, New York, NY 10036-4123, USA",(212) 466-6699,info@mitrthainyc.com,http://mitrthainyc.com/
Essex Pearl,"25 11th Ave, New York, NY 10011, USA",(347) 899-4998,info@EssexPearl.com,https://www.essexpearl.com/
Empanadas Cafe,"5627 Van Doren St, Corona, NY 11368, USA",(718) 592-7288,,http://www.empanadascafe.com/
Mango Mango Dessert,"136-28 39th Ave, Flushing, NY 11354, USA",(917) 563-1847,,https://www.mangomangodessert.com/
Fu Yuan,"135-43 Roosevelt Ave, Flushing, NY 11354, USA",(347) 732-9882,,
Very Fresh Noodles,"409 W 15th St, New York, NY 10011, USA",(332) 215-6161,,http://www.veryfreshnoodles.com/
Pata Cafe,"56-14 Van Horn St, Elmhurst, NY 11373, USA",(347) 469-7142,,https://www.facebook.com/Pata-Cafe-1631945920391968/
Copacabana,"31-13 36th Ave, Astoria, NY 11106, USA",(718) 545-3685,,http://www.copacabanabraziliangrill.com/index.html
Radio Bakery,"135 India St, Brooklyn, NY 11222, USA",,,http://radiobakery.nyc/
Hanamizuki Cafe,"143 W 29th St, New York, NY 10001, USA",(212) 695-5533,info@hanamizukinyc.com,http://www.hanamizukinyc.com/
Birria LES Saint Marks Place,"34 St Marks Pl, New York, NY 10003, USA",(917) 262-0970,,
Hady's Restaurant International Cuisine,"717 E Martin St Suite 199, Raleigh, NC 27601, USA",(919) 741-1111,info@hadyinternational.com,https://hadyinternational.com/
Jing Feng Fish Ball Inc.,"41-40 Main St, Flushing, NY 11355, USA",(718) 888-9839,,
"Nan Xiang Express - Williamsburg, NY","167 Grand St, Brooklyn, NY 11249-4294, USA",(347) 799-1078,,https://nanxiangexpress.com/
Chubby Skewers｜Authentic Chinese BBQ,"252 W 37th St, New York, NY 10018-6602, USA",(646) 650-3834,,https://chubbyskewers.com/locations/chubby-skewers-manhattan/
Eyval,"25 Bogart St, Brooklyn, NY 11206-3805, USA",,events@eyvalnyc.com info@evyalnyc.com info@eyvalnyc.com reservations@eyvalnyc.com,http://www.eyvalnyc.com/
Izakaya MEW,"53 W 35th St, New York, NY 10001, USA",(646) 368-9459,,http://mewnyc.com/
West New Malaysia,"69 Bayard St, New York, NY 10013, USA",(212) 964-0284,w.n.malaysiarestaurant@gmail.com,https://westnewmalaysia.org/
Urban Jungle,"118 Knickerbocker Ave, Brooklyn, NY 11237, USA",(718) 456-0762,ltrainvintagenyc@gmail.com user@domain.com,http://ltrainvintagenyc.com/
969 NYC Coffee,"3761 80th St, Jackson Heights, NY 11372, USA",(646) 203-7304,,https://969nyccoffee.shop/
375° Chicken 'n Fries,"649 9th Ave, New York, NY 10036, USA",(646) 866-7035,,https://www.375chicken.com/
Nneji,"32-20 34th Ave, Queens, NY 11106, USA",(917) 832-7338,,
sendo,"876 6th Ave 1st Floor, New York, NY 10001-3516, USA",(646) 943-4548,team@sendo.nyc,https://sendo.nyc/
Ray's Candy Store,"113 Avenue A, New York, NY 10009, USA",,,http://www.rayscandystore.com/
Samossa Bites,"3527 31st St, Astoria, NY 11106, USA",(718) 606-9150,customerservice@samossabites.com,https://www.samossabites.com/
Grand Street Skewer Cart,"246 Grand St, New York, NY 10002, USA",,,
Cocoron,"16 Delancey St, New York, NY 10002, USA",(212) 477-1212,goemoncurry@gmail.com,https://www.cocoronandgoemon.com/
Chavela's,"736 Franklin Ave, Brooklyn, NY 11238, USA",(718) 622-3100,,http://chavelasnyc.com/
Cơm Tấm Ninh Kiều,"2641 Jerome Ave, Bronx, NY 10468, USA",(718) 450-3833,,http://toasttab.com/com-tam-ninh-kieu-2641-jerome-ave
Broad Nosh Bagels Deli & Catering 58th Street,"314 W 58th St, New York, NY 10019, USA",(212) 933-4844,,https://broadnosh.com/
Mrs. Fish,"34 Pell St, New York, NY 10013, USA",(212) 267-8885,,
Wondee Siam,"782 9th Ave, New York, NY 10019, USA",(212) 459-9057,,http://www.wondeesiamnyc.com/
Jora,"47-46 11th St, Long Island City, NY 11101, USA",(718) 392-2033,,http://www.jorany.com/
Iki,"133-42 39th Ave STE H04, Flushing, NY 11354, USA",(718) 939-3388,info@ikicuisine.com,http://ikirestaurant.com/
Hometown Bar-B-Que,"454 Van Brunt St, Brooklyn, NY 11231, USA",(347) 294-4644,info@hometownbbq.com,http://www.hometownbarbque.com/
Berimbau Brazilian Kitchen - West Village,"43 Carmine St, New York, NY 10014, USA",(212) 401-0021,,https://www.berimbaunyc.com/
Lulu and Dino Cafe Bakery,"219-02 Northern Blvd, Bayside, NY 11361-3582, USA",(718) 734-2740,info@luludinocafe.com Info@luludinocafe.com,http://luludinocafe.com/
HAGS,"163 1st Ave, New York, NY 10003-2927, USA",,no-reply@readymag.com support@readymag.com edu@readymag.com hello@readymag.com,https://hagsnyc.com/
Alabaster Bookshop,"122 4th Ave, New York, NY 10003, USA",(212) 982-3550,,
Shu Jiao Fu Zhou,"295 Grand St, New York, NY 10002, USA",(212) 625-2532,,
Chick Rocks Inc,"136-20 Roosevelt Ave #25, Flushing, NY 11354-5661, USA",(347) 368-6181,,
Pecking House Prospect Heights,"244 Flatbush Ave, Brooklyn, NY 11217, USA",(718) 269-3452,,http://www.peckinghouse.com/
Kung Fu Little Steamed Buns Ramen,"146 E 55th St, New York, NY 10022, USA",(212) 804-8556,,https://kungfutogo.com/
Madame Vo,"212 E 10th St, New York, NY 10003, USA",(917) 261-2115,hello@madamevonyc.com,http://www.madamevo.com/
Om Wok,"89-17 Northern Blvd, Jackson Heights, NY 11372, USA",(718) 639-8800,,https://www.omwokmenu.com/
Yamato Japanese Restaurant,"857 E Grant Rd, Tucson, AZ 85719, USA",(520) 624-3377,,https://m.facebook.com/pages/category/Sushi-Restaurant/Yamato-Japanese-Restaurant-143320342346509/
Rice Thief,"39-37 30th St, Long Island City, NY 11101-2805, USA",(917) 832-7108,,https://www.instagram.com/ricethief.nyc
Monster DIY Studio,"136-91 37th Ave, Flushing, NY 11354-4110, USA",(347) 626-9393,,http://monsterdiy.com/
Kong Sihk Tong,"65 Bayard St, New York, NY 10013, USA",(646) 850-6140,Artboard-2@4x.png Artboard-1@4x.png,https://kongsihktong.com/
Nikos,"BrightLeaf Square, 905 W Main St Unit 21B, Durham, NC 27701, USA",(305) 562-4796,info@nikosdurham.com,https://www.nikosdurham.com/
Soothr,"204 E 13th St, New York, NY 10003, USA",(212) 844-9789,,http://soothrnyc.com/
OTB,"141 Broadway, Brooklyn, NY 11211, USA",(347) 763-1481,otbbrooklyn@gmail.com,http://www.otbbk.com/
Namaste,"195 5th Ave, Brooklyn, NY 11217, USA",(718) 857-1951,,http://www.namastebk.com/
Two Boots Pizza East Village,"42 Avenue A, New York, NY 10009, USA",(212) 254-1919,shadow@2x.png,https://www.twoboots.com/
Naks,"201 1st Ave, New York, NY 10003, USA",,Resy-Box-Logo-Red@2x.png events@uafoods.nyc,http://naks.nyc/
District Saigon,"3715 Broadway, Astoria, NY 11103, USA",(718) 956-0007,,http://www.districtsaigonnyc.com/
Avant Gardner,"140 Stewart Ave, Brooklyn, NY 11237-1127, USA",(347) 987-3146,,https://www.avant-gardner.com/
Bunlicious,"42-05 35th Ave, Long Island City, NY 11101-1445, USA",(929) 208-0027,,https://www.bunliciousny.com/
Pranakhon,"88 University Pl, New York, NY 10003, USA",(212) 786-6789,,https://pranakhonnyc.com/
The Hideout Chai Bar,"42 Rivington St, New York, NY 10002, USA",(646) 649-5868,,http://thehideoutnyc.com/
Brodo - East Village,"200 1st Ave, New York, NY 10009, USA",,,http://brodo.com/
Sybil's Bakery & Restaurant,"159-24 Hillside Ave., Jamaica, NY 11432, USA",(718) 297-2359,,
Mắm,"70 Forsyth St, New York, NY 10002-5149, USA",,,https://instagram.com/mam.nyc
Golden Diner,"123 Madison St, New York, NY 10002, USA",(917) 472-7800,talkto@goldendinerny.com,http://www.goldendinerny.com/
Pier 17,"89 South St, New York, NY 10038, USA",(212) 732-8257,,https://rooftopatpier17.com/
Foxface Natural,"189 Avenue A, New York, NY 10009, USA",(646) 270-1449,info@foxface.nyc henry.june@gmail.com,http://foxface.nyc/
Renee's Kitchenette & Grill,"69-14 Roosevelt Ave, Woodside, NY 11377-2934, USA",(718) 476-9002,,http://www.reneeskitchenette.com/
French Louie,"320 Atlantic Ave, Brooklyn, NY 11201, USA",(718) 935-1200,info@frenchlouienyc.com john@frenchlouienyc.com,http://frenchlouienyc.com/
Cask Bar & Kitchen,"167 E 33rd St, New York, NY 10016, USA",(212) 300-4924,info@casknyc.com,http://casknyc.com/
Southern Junction,"365 Connecticut St, Buffalo, NY 14213, USA",(716) 262-0575,,https://southernjunction716.com/
Pochana Thai Kitchen,"33-16 30th Ave., Astoria, NY 11103, USA",(718) 956-9559,pochananyc@gmail.com,http://pochananyc.com/
The Met Cloisters,"99 Margaret Corbin Dr, New York, NY 10040, USA",(212) 923-3700,,https://www.metmuseum.org/plan-your-visit/met-cloisters
Omusubi Gonbei,"370 Lexington Ave, New York, NY 10017, USA",(917) 472-7025,,http://www.omusubi-gonbei.com/en/
Calle Dao,"38 W 39th St, New York, NY 10018, USA",(646) 476-5696,,https://www.calledao.com/location/calle-dao-bryant-park/
Nan Xiang Xiao Long Bao,"24 W 33rd St, New York, NY 10001, USA",(212) 970-3888,,https://nanxiangxiaolongbao.com/?utm_source=gbp&utm_medium=organic&utm_content=ktown
KOHOKU-KU RAMEN,"709 9th Ave, New York, NY 10019, USA",(646) 478-7886,,https://www.kohoku-kuramen.com/%E3%83%8B%E3%83%A5%E3%83%BC%E3%83%A8%E3%83%BC%E3%82%AF-new-york
Donovan's Pub,"57-24 Roosevelt Ave, Woodside, NY 11377, USA",(718) 429-9339,info@donovansny.com info@divicocktailbar.com,http://donovansny.com/
S Wan Cafe,"85 Eldridge St, New York, NY 10002, USA",(212) 966-8269,,
Dominique Ansel Workshop,"17 E 27th St, New York, NY 10016, USA",(212) 901-1015,,http://dominiqueanselworkshop.com/
Calabash African Kitchen,"1750 S Rainbow Blvd Suite 6-8, Las Vegas, NV 89146, USA",(702) 331-6440,,http://www.calabashafricankitchen.com/
Pasticceria Monteleone BK,"355 Court St, Brooklyn, NY 11231-4332, USA",(718) 852-5600,,
Theodora,"7 Greene Ave, Brooklyn, NY 11238, USA",(929) 692-6360,info@theodoranyc.com,https://www.theodoranyc.com/
The Dolar Shop Hot Pot Manhattan,"55 3rd Ave, New York, NY 10003, USA",(646) 590-0034,,https://www.dolarshop.com/location/manhattan-location
Dim Sum Palace,"334 W 46th St, New York, NY 10036-3883, USA",(646) 861-1910,,https://www.dimsumpalace.com/
Witch Topokki Flushing,"146th Northern Blvd, Flushing, NY 11354-4234, USA",,info@witchtopokki.com,https://witchtopokki.com/
LumLum,"404 W 49th St, New York, NY 10019, USA",(646) 684-4618,INFO@LUMLUMNYC.COM,http://www.lumlumnyc.com/
Phayul,"37-65 74th St., Jackson Heights, NY 11372, USA",(718) 424-1869,,
Sanuki Udon,"31 W 4th St, New York, NY 10012, USA",(917) 310-0313,,https://www.sanukiudonusa.com/
Hug Esan,"77-16 Woodside Ave, Elmhurst, NY 11373, USA",(929) 328-0392,Hugesannyc@gmail.com,http://www.hugesannyc.net/
Mile End Delicatessen,"97 Hoyt St, Brooklyn, NY 11217-2216, USA",(718) 852-7510,,http://www.mileenddeli.com/
West Rice Roll King 西关肠粉王,"124 Hester St, New York, NY 10002, USA",(646) 830-2437,,
Coffee Project New York | Chelsea,"155 7th Ave, New York, NY 10011-1815, USA",(917) 388-3399,,https://coffeeprojectny.com/?utm_source=google&utm_medium=organic&utm_campaign=gmb_ch
Mazzola Bakery,"192 Union St, Brooklyn, NY 11231-3502, USA",(718) 643-1719,,http://www.mazzolabakerycafe.com/
C as in Charlie,"5 Bleecker St, New York, NY 10012-2445, USA",,CHARLIE@C-ASINCHARLIE.COM charlie@c-asincharlie.com CASINCHARLIE@BECCAPR.COM,http://c-asincharlie.com/
Sopo Korean Eats,"463 7th Ave, Manhattan, NY 10018, USA",(929) 668-7781,CONTACT@EATSOPO.COM contact@eatsopo.com catering@eatsopo.com,https://eatsopo.com/
ILIS,"150 Green St, Brooklyn, NY 11222, USA",(917) 274-7154,hello@ilisnyc.com press@ilisnyc.com,https://ilisnyc.com/
Gazala’s Mediterranean Restaurant,"447 Amsterdam Ave, New York, NY 10024, USA",(212) 787-1800,,http://gazalasnyc.com/
Nan Xiang Soup Dumplings - Flushing,"39-16 Prince St #104, Flushing, NY 11354, USA",(718) 321-3838,,https://nanxiangxiaolongbao.com/?utm_source=gbp&utm_medium=organic&utm_content=flushing
KoFoo,"67 W 23rd St, New York, NY 10010-4200, USA",(212) 924-2654,,http://www.kofoony.com/
Churrascaria Plataforma,"316 W 49th St, New York, NY 10019-7391, USA",(212) 245-0505,info@plataformanyc.com,https://plataformaonline.com/
Saranrom Thai,"8110 Broadway, Elmhurst, NY 11373, USA",(347) 808-0545,,https://saranromthai.dine.online/
Cafe W & Bakery / Dessert,"35-29 154th St, Queens, NY 11354, USA",(718) 799-0264,order@cafew.com management@cafew.com,https://cafew.com/
Aroma Latin American Cocina,"2877 N Green Valley Pkwy, Henderson, NV 89014, USA",(702) 547-0474,,https://aromacocinalv.com/
Scoop Local,"900 W Main St, Durham, NC 27701-2025, USA",(919) 213-1769,,
The Brooklyn Cat Cafe,"76 Montague St, Brooklyn, NY 11201, USA",(347) 946-2286,,http://www.catcafebk.com/
Kashin Japanese Restaurant,"309 Crossroads Blvd, Cary, NC 27518, USA",(919) 851-7101,,http://www.kashin.com/
Çka Ka Qëllue,"118 E 31st St, New York, NY 10016, USA",(212) 213-2082,info@ckakaqellu.com,https://ckakaqellue.com/
Vezzo NYC Thin Crust Pizza,"178 Lexington Ave, New York, NY 10016, USA",(212) 839-8300,,https://www.nycthincrust.com/location/vezzo-thin-crust/
Tomi Jazz,"239 E 53rd St, New York, NY 10022, USA",,,http://www.tomijazz.com/
Ama’Gees Jamaican Cuisine,"911 Fayetteville St, Durham, NC 27701-3914, USA",(919) 450-6351,,http://amagees.com/
Meijin Ramen,"1574 2nd Ave, New York, NY 10028, USA",(212) 327-2800,meijinramen@gmail.com,https://www.meijinramen.com/
Happy Zoe Vegan Bakery,"102 B Nassau Ave, Brooklyn, NY 11222, USA",(718) 785-9639,happyzoeveganbakery@gmail.com,https://www.happyzoeveganbakery.com/
Homemade Dumpling,"27 Essex St A, New York, NY 10002, USA",(917) 868-1561,,
Kalye Broome,"251 Broome St, New York, NY 10002, USA",(646) 422-7267,info@kalyenyc.com,https://www.kalye.com/
Teranga Cafe,"1280 5th Ave, New York, NY 10029, USA",(332) 910-8138,,http://www.itsteranga.com/
Nepali Bhanchha Ghar,"74-15 Roosevelt Ave, Jackson Heights, NY 11372, USA",(917) 745-0533,,https://www.bhanchhagharny.com/
Kimura,"31 St Marks Pl, New York, NY 10003, USA",(917) 905-1864,Kimura.press@gmail.com,https://www.kimuranyc.com/
Zuma New York,"261 Madison Ave, New York, NY 10016, USA",(212) 544-9862,,https://www.zumarestaurant.com/en/new-york?utm_source=InfoButtonClick&utm_medium=Home&utm_campaign=GoogleBusinessProfile
konban NYC,"311 W 17th St, New York, NY 10011-5071, USA",(917) 675-6070,hello@konbannyc.com,https://www.konbannyc.com/
Sylla,"1664 Park Ave, New York, NY 10035, USA",(646) 344-1392,,
Loopy's Eatery,"156 W 29th St, New York, NY 10001, USA",(212) 381-0060,contact@loopyseatery.com,https://loopyseatery.com/
Philomena's Pizza,"4116 Queens Blvd, Sunnyside, NY 11104, USA",(718) 255-1778,,http://philomenasqueens.com/
The Mark Hotel,"25 E 77th St, New York, NY 10075, USA",(212) 744-4300,reservations@themarkhotel.com,https://www.themarkhotel.com/?utm_source=gmb&utm_medium=organic
cutes house,"18-19 College Point Blvd, Queens, NY 11356-2220, USA",(929) 988-1017,,
CAFE 2BY2,"84 E 10th St 2nd FL, New York, NY 10003-5400, USA",(646) 565-1355,,
Sobaya,"229 E 9th St, New York, NY 10003-7536, USA",(212) 533-6966,info@sobaya-nyc.com,http://www.sobaya-nyc.com/
Koi Omakase,"55 5th Ave, Brooklyn, NY 11217-2040, USA",(917) 728-7563,Koiomakase@gmail.com,https://koiomakase.square.site/
